Author,Blog,Category,Country,Started,Latest,Total Posts
Amit Agarwal,https://labnol.org,Technology,India,2004,,
Anand Reddy Pandikunta,https://avilpage.com,Technology,India,2013,,
Krace Kumar,https://kracekumar.com,Technology,India,2012,,
Kushal Das,https://kushaldas.in,Technology,India,2004,,
Rohan Rajiv,https://alearningaday.blog,Personal,USA,2008,,
Rohan Rajiv,https://rohanrajiv.blog,Personal,USA,2010,,
iwatobipen,https://iwatobipen.wordpress.com,Personal,China,2012
Jacob Tomlinson,https://jacobtomlinson.dev,Technology,UK,2010,,
David,https://www.raptitude.com,Personal,Canada,2009,,
Money Mustache,https://www.mrmoneymustache.com,Finance,Canada,2011,,
Fogus,https://blog.fogus.me,Programming,USA,2002